period,ratio,title,age
2023-06-05,34.83994,김건희,19∼24세
2023-06-12,28.83898,김건희,19∼24세
2023-06-19,35.05016,김건희,19∼24세
2023-06-26,27.55852,김건희,19∼24세
2023-07-03,56.61729,김건희,19∼24세
2023-07-10,69.99522,김건희,19∼24세
2023-07-17,65.17916,김건희,19∼24세
2023-07-24,35.65217,김건희,19∼24세
2023-07-31,32.39369,김건희,19∼24세
2023-08-07,32.03057,김건희,19∼24세
2023-08-14,43.48781,김건희,19∼24세
2023-08-21,29.21165,김건희,19∼24세
2023-08-28,30.63545,김건희,19∼24세
2023-09-04,24.6536,김건희,19∼24세
2023-09-11,30.61634,김건희,19∼24세
2023-09-18,24.23315,김건희,19∼24세
2023-09-25,29.67032,김건희,19∼24세
2023-10-02,21.5289,김건희,19∼24세
2023-10-09,25.39894,김건희,19∼24세
2023-10-16,38.52842,김건희,19∼24세
2023-10-23,36.36884,김건희,19∼24세
2023-10-30,21.71046,김건희,19∼24세
2023-11-06,22.73291,김건희,19∼24세
2023-11-13,25.65695,김건희,19∼24세
2023-11-20,32.98614,김건희,19∼24세
2023-11-27,51.21834,김건희,19∼24세
2023-12-04,30.43478,김건희,19∼24세
2023-12-11,38.15575,김건희,19∼24세
2023-12-18,31.45723,김건희,19∼24세
2023-12-25,100.0,김건희,19∼24세
2024-01-01,63.91782,김건희,19∼24세
2024-01-08,38.78643,김건희,19∼24세
2024-01-15,40.602,김건희,19∼24세
2024-01-22,60.344,김건희,19∼24세
2024-01-29,33.79837,김건희,19∼24세
2024-02-05,42.97181,김건희,19∼24세
2024-02-12,25.1505,김건희,19∼24세
2024-02-19,23.61204,김건희,19∼24세
2024-02-26,25.19827,김건희,19∼24세
2024-03-04,18.49976,김건희,19∼24세
2024-03-11,19.89488,김건희,19∼24세
2024-03-18,16.66507,김건희,19∼24세
2024-03-25,19.06354,김건희,19∼24세
2024-04-01,28.71476,김건희,19∼24세
2024-04-08,87.95031,김건희,19∼24세
2024-04-15,36.78929,김건희,19∼24세
2024-04-22,25.68561,김건희,19∼24세
2024-04-29,25.60917,김건희,19∼24세
2024-05-06,36.06306,김건희,19∼24세
2024-05-13,46.86096,김건희,19∼24세
2024-05-20,33.82704,김건희,19∼24세
2024-05-27,30.48256,김건희,19∼24세
2024-06-03,58.96798,김건희,19∼24세
2023-06-05,2.47491,김정숙,19∼24세
2023-06-12,1.93979,김정숙,19∼24세
2023-06-19,2.27424,김정숙,19∼24세
2023-06-26,2.09268,김정숙,19∼24세
2023-07-03,2.33158,김정숙,19∼24세
2023-07-10,3.04825,김정숙,19∼24세
2023-07-17,3.30625,김정숙,19∼24세
2023-07-24,1.67224,김정숙,19∼24세
2023-07-31,2.35069,김정숙,19∼24세
2023-08-07,2.29335,김정숙,19∼24세
2023-08-14,2.30291,김정숙,19∼24세
2023-08-21,2.12135,김정숙,19∼24세
2023-08-28,2.20735,김정숙,19∼24세
2023-09-04,1.84424,김정숙,19∼24세
2023-09-11,2.33158,김정숙,19∼24세
2023-09-18,3.01958,김정숙,19∼24세
2023-09-25,2.01624,김정숙,19∼24세
2023-10-02,1.74868,김정숙,19∼24세
2023-10-09,1.91113,김정숙,19∼24세
2023-10-16,2.18824,김정숙,19∼24세
2023-10-23,2.37935,김정숙,19∼24세
2023-10-30,1.91113,김정숙,19∼24세
2023-11-06,1.85379,김정숙,19∼24세
2023-11-13,2.68514,김정숙,19∼24세
2023-11-20,2.51313,김정숙,19∼24세
2023-11-27,3.57381,김정숙,19∼24세
2023-12-04,3.92737,김정숙,19∼24세
2023-12-11,3.34448,김정숙,19∼24세
2023-12-18,2.93358,김정숙,19∼24세
2023-12-25,5.35117,김정숙,19∼24세
2024-01-01,8.02675,김정숙,19∼24세
2024-01-08,4.17582,김정숙,19∼24세
2024-01-15,2.86669,김정숙,19∼24세
2024-01-22,3.43048,김정숙,19∼24세
2024-01-29,2.58002,김정숙,19∼24세
2024-02-05,2.99092,김정숙,19∼24세
2024-02-12,3.74581,김정숙,19∼24세
2024-02-19,2.64691,김정숙,19∼24세
2024-02-26,2.6278,김정숙,19∼24세
2024-03-04,2.2838,김정숙,19∼24세
2024-03-11,1.74868,김정숙,19∼24세
2024-03-18,1.82513,김정숙,19∼24세
2024-03-25,1.91113,김정숙,19∼24세
2024-04-01,3.47826,김정숙,19∼24세
2024-04-08,7.31008,김정숙,19∼24세
2024-04-15,2.53225,김정숙,19∼24세
2024-04-22,2.13091,김정숙,19∼24세
2024-04-29,1.71046,김정숙,19∼24세
2024-05-06,2.16913,김정숙,19∼24세
2024-05-13,2.64691,김정숙,19∼24세
2024-05-20,5.42761,김정숙,19∼24세
2024-05-27,7.97897,김정숙,19∼24세
2024-06-03,13.15814,김정숙,19∼24세
2023-06-05,0.52556,김혜경,19∼24세
2023-06-12,0.46822,김혜경,19∼24세
2023-06-19,0.79311,김혜경,19∼24세
2023-06-26,0.40133,김혜경,19∼24세
2023-07-03,0.53511,김혜경,19∼24세
2023-07-10,0.62111,김혜경,19∼24세
2023-07-17,0.57333,김혜경,19∼24세
2023-07-24,0.33444,김혜경,19∼24세
2023-07-31,0.64978,김혜경,19∼24세
2023-08-07,0.89823,김혜경,19∼24세
2023-08-14,0.66889,김혜경,19∼24세
2023-08-21,1.04156,김혜경,19∼24세
2023-08-28,0.79311,김혜경,19∼24세
2023-09-04,0.61156,김혜경,19∼24세
2023-09-11,1.02245,김혜경,19∼24세
2023-09-18,2.52269,김혜경,19∼24세
2023-09-25,1.33779,김혜경,19∼24세
2023-10-02,0.99378,김혜경,19∼24세
2023-10-09,0.79311,김혜경,19∼24세
2023-10-16,2.27424,김혜경,19∼24세
2023-10-23,0.76445,김혜경,19∼24세
2023-10-30,0.56378,김혜경,19∼24세
2023-11-06,1.0129,김혜경,19∼24세
2023-11-13,0.71667,김혜경,19∼24세
2023-11-20,0.48733,김혜경,19∼24세
2023-11-27,0.48733,김혜경,19∼24세
2023-12-04,1.21356,김혜경,19∼24세
2023-12-11,0.58289,김혜경,19∼24세
2023-12-18,0.64978,김혜경,19∼24세
2023-12-25,0.76445,김혜경,19∼24세
2024-01-01,2.01624,김혜경,19∼24세
2024-01-08,1.60535,김혜경,19∼24세
2024-01-15,0.64022,김혜경,19∼24세
2024-01-22,0.81223,김혜경,19∼24세
2024-01-29,0.80267,김혜경,19∼24세
2024-02-05,2.05446,김혜경,19∼24세
2024-02-12,5.00716,김혜경,19∼24세
2024-02-19,1.72001,김혜경,19∼24세
2024-02-26,6.19206,김혜경,19∼24세
2024-03-04,2.53225,김혜경,19∼24세
2024-03-11,0.96512,김혜경,19∼24세
2024-03-18,1.02245,김혜경,19∼24세
2024-03-25,0.97467,김혜경,19∼24세
2024-04-01,1.20401,김혜경,19∼24세
2024-04-08,4.81605,김혜경,19∼24세
2024-04-15,1.83468,김혜경,19∼24세
2024-04-22,1.63401,김혜경,19∼24세
2024-04-29,1.46201,김혜경,19∼24세
2024-05-06,2.7138,김혜경,19∼24세
2024-05-13,0.87912,김혜경,19∼24세
2024-05-20,1.46201,김혜경,19∼24세
2024-05-27,1.0129,김혜경,19∼24세
2024-06-03,0.86,김혜경,19∼24세
2023-06-05,32.70991,김건희,25∼29세
2023-06-12,30.88623,김건희,25∼29세
2023-06-19,41.34719,김건희,25∼29세
2023-06-26,27.20782,김건희,25∼29세
2023-07-03,65.00077,김건희,25∼29세
2023-07-10,81.30529,김건희,25∼29세
2023-07-17,76.74996,김건희,25∼29세
2023-07-24,36.94707,김건희,25∼29세
2023-07-31,32.32189,김건희,25∼29세
2023-08-07,28.98494,김건희,25∼29세
2023-08-14,43.75291,김건희,25∼29세
2023-08-21,29.0703,김건희,25∼29세
2023-08-28,34.97594,김건희,25∼29세
2023-09-04,27.08365,김건희,25∼29세
2023-09-11,34.82849,김건희,25∼29세
2023-09-18,28.60468,김건희,25∼29세
2023-09-25,28.82197,김건희,25∼29세
2023-10-02,24.48393,김건희,25∼29세
2023-10-09,25.27549,김건희,25∼29세
2023-10-16,35.34844,김건희,25∼29세
2023-10-23,42.74406,김건희,25∼29세
2023-10-30,24.7633,김건희,25∼29세
2023-11-06,26.92844,김건희,25∼29세
2023-11-13,28.59692,김건희,25∼29세
2023-11-20,39.76408,김건희,25∼29세
2023-11-27,56.13844,김건희,25∼29세
2023-12-04,33.08241,김건희,25∼29세
2023-12-11,42.64317,김건희,25∼29세
2023-12-18,32.46934,김건희,25∼29세
2023-12-25,99.19292,김건희,25∼29세
2024-01-01,56.58078,김건희,25∼29세
2024-01-08,42.84494,김건희,25∼29세
2024-01-15,44.11764,김건희,25∼29세
2024-01-22,70.68911,김건희,25∼29세
2024-01-29,35.54244,김건희,25∼29세
2024-02-05,46.09653,김건희,25∼29세
2024-02-12,25.80319,김건희,25∼29세
2024-02-19,25.44622,김건희,25∼29세
2024-02-26,25.11252,김건희,25∼29세
2024-03-04,19.27673,김건희,25∼29세
2024-03-11,18.32997,김건희,25∼29세
2024-03-18,17.03399,김건희,25∼29세
2024-03-25,19.9286,김건희,25∼29세
2024-04-01,29.31864,김건희,25∼29세
2024-04-08,100.0,김건희,25∼29세
2024-04-15,38.25081,김건희,25∼29세
2024-04-22,30.31972,김건희,25∼29세
2024-04-29,28.59692,김건희,25∼29세
2024-05-06,46.2983,김건희,25∼29세
2024-05-13,58.93217,김건희,25∼29세
2024-05-20,38.07232,김건희,25∼29세
2024-05-27,27.90625,김건희,25∼29세
2024-06-03,57.02312,김건희,25∼29세
2023-06-05,2.55315,김정숙,25∼29세
2023-06-12,1.92456,김정숙,25∼29세
2023-06-19,1.77712,김정숙,25∼29세
2023-06-26,1.67623,김정숙,25∼29세
2023-07-03,2.1729,김정숙,25∼29세
2023-07-10,3.25159,김정숙,25∼29세
2023-07-17,3.04982,김정숙,25∼29세
2023-07-24,1.60639,김정숙,25∼29세
2023-07-31,2.12633,김정숙,25∼29세
2023-08-07,2.14961,김정숙,25∼29세
2023-08-14,2.39019,김정숙,25∼29세
2023-08-21,1.93232,김정숙,25∼29세
2023-08-28,1.97889,김정숙,25∼29세
2023-09-04,1.90128,김정숙,25∼29세
2023-09-11,2.2893,김정숙,25∼29세
2023-09-18,2.81701,김정숙,25∼29세
2023-09-25,2.41347,김정숙,25∼29세
2023-10-02,1.77712,김정숙,25∼29세
2023-10-09,1.48998,김정숙,25∼29세
2023-10-16,1.66071,김정숙,25∼29세
2023-10-23,1.78488,김정숙,25∼29세
2023-10-30,1.60639,김정숙,25∼29세
2023-11-06,1.44342,김정숙,25∼29세
2023-11-13,2.15738,김정숙,25∼29세
2023-11-20,2.59972,김정숙,25∼29세
2023-11-27,3.70169,김정숙,25∼29세
2023-12-04,2.75492,김정숙,25∼29세
2023-12-11,2.46779,김정숙,25∼29세
2023-12-18,2.16514,김정숙,25∼29세
2023-12-25,5.23824,김정숙,25∼29세
2024-01-01,8.43551,김정숙,25∼29세
2024-01-08,4.32252,김정숙,25∼29세
2024-01-15,2.7394,김정숙,25∼29세
2024-01-22,3.63184,김정숙,25∼29세
2024-01-29,2.33586,김정숙,25∼29세
2024-02-05,2.98773,김정숙,25∼29세
2024-02-12,3.85689,김정숙,25∼29세
2024-02-19,1.98665,김정숙,25∼29세
2024-02-26,1.80816,김정숙,25∼29세
2024-03-04,2.12633,김정숙,25∼29세
2024-03-11,1.60639,김정숙,25∼29세
2024-03-18,1.59863,김정숙,25∼29세
2024-03-25,1.72279,김정숙,25∼29세
2024-04-01,3.00325,김정숙,25∼29세
2024-04-08,6.00651,김정숙,25∼29세
2024-04-15,3.29039,김정숙,25∼29세
2024-04-22,1.83144,김정숙,25∼29세
2024-04-29,1.62967,김정숙,25∼29세
2024-05-06,2.58419,김정숙,25∼29세
2024-05-13,3.40679,김정숙,25∼29세
2024-05-20,7.91556,김정숙,25∼29세
2024-05-27,9.73149,김정숙,25∼29세
2024-06-03,19.4397,김정숙,25∼29세
2023-06-05,0.85363,김혜경,25∼29세
2023-06-12,0.69067,김혜경,25∼29세
2023-06-19,0.90796,김혜경,25∼29세
2023-06-26,0.42681,김혜경,25∼29세
2023-07-03,0.51994,김혜경,25∼29세
2023-07-10,0.76827,김혜경,25∼29세
2023-07-17,0.77603,김혜경,25∼29세
2023-07-24,0.54322,김혜경,25∼29세
2023-07-31,1.03988,김혜경,25∼29세
2023-08-07,1.33478,김혜경,25∼29세
2023-08-14,1.24165,김혜경,25∼29세
2023-08-21,1.30374,김혜경,25∼29세
2023-08-28,1.04764,김혜경,25∼29세
2023-09-04,0.87692,김혜경,25∼29세
2023-09-11,1.20285,김혜경,25∼29세
2023-09-18,3.74049,김혜경,25∼29세
2023-09-25,2.05649,김혜경,25∼29세
2023-10-02,1.10197,김혜경,25∼29세
2023-10-09,1.0554,김혜경,25∼29세
2023-10-16,2.93341,김혜경,25∼29세
2023-10-23,1.09421,김혜경,25∼29세
2023-10-30,0.58978,김혜경,25∼29세
2023-11-06,1.26493,김혜경,25∼29세
2023-11-13,0.86139,김혜경,25∼29세
2023-11-20,1.28821,김혜경,25∼29세
2023-11-27,0.41905,김혜경,25∼29세
2023-12-04,1.66071,김혜경,25∼29세
2023-12-11,0.67515,김혜경,25∼29세
2023-12-18,0.95452,김혜경,25∼29세
2023-12-25,1.00884,김혜경,25∼29세
2024-01-01,2.46779,김혜경,25∼29세
2024-01-08,1.64519,김혜경,25∼29세
2024-01-15,0.91572,김혜경,25∼29세
2024-01-22,0.85363,김혜경,25∼29세
2024-01-29,0.76827,김혜경,25∼29세
2024-02-05,2.77044,김혜경,25∼29세
2024-02-12,7.20161,김혜경,25∼29세
2024-02-19,3.11966,김혜경,25∼29세
2024-02-26,10.29799,김혜경,25∼29세
2024-03-04,3.69393,김혜경,25∼29세
2024-03-11,1.65295,김혜경,25∼29세
2024-03-18,1.59863,김혜경,25∼29세
2024-03-25,1.52103,김혜경,25∼29세
2024-04-01,1.83144,김혜경,25∼29세
2024-04-08,5.92891,김혜경,25∼29세
2024-04-15,1.9168,김혜경,25∼29세
2024-04-22,2.00993,김혜경,25∼29세
2024-04-29,2.27378,김혜경,25∼29세
2024-05-06,4.00434,김혜경,25∼29세
2024-05-13,1.29598,김혜경,25∼29세
2024-05-20,2.1729,김혜경,25∼29세
2024-05-27,1.29598,김혜경,25∼29세
2024-06-03,1.31926,김혜경,25∼29세
2023-06-05,32.45303,김건희,30∼34세
2023-06-12,29.07024,김건희,30∼34세
2023-06-19,44.9224,김건희,30∼34세
2023-06-26,25.42199,김건희,30∼34세
2023-07-03,69.00353,김건희,30∼34세
2023-07-10,91.83909,김건희,30∼34세
2023-07-17,84.13422,김건희,30∼34세
2023-07-24,37.57146,김건희,30∼34세
2023-07-31,31.17342,김건희,30∼34세
2023-08-07,26.43615,김건희,30∼34세
2023-08-14,46.2973,김건희,30∼34세
2023-08-21,25.83719,김건희,30∼34세
2023-08-28,32.16035,김건희,30∼34세
2023-09-04,26.35447,김건희,30∼34세
2023-09-11,35.86305,김건희,30∼34세
2023-09-18,27.55921,김건희,30∼34세
2023-09-25,25.87122,김건희,30∼34세
2023-10-02,23.44813,김건희,30∼34세
2023-10-09,27.04873,김건희,30∼34세
2023-10-16,31.85407,김건희,30∼34세
2023-10-23,44.52763,김건희,30∼34세
2023-10-30,22.44759,김건희,30∼34세
2023-11-06,24.22406,김건희,30∼34세
2023-11-13,27.10318,김건희,30∼34세
2023-11-20,41.34903,김건희,30∼34세
2023-11-27,64.69507,김건희,30∼34세
2023-12-04,33.52164,김건희,30∼34세
2023-12-11,44.35747,김건희,30∼34세
2023-12-18,32.37135,김건희,30∼34세
2023-12-25,93.76531,김건희,30∼34세
2024-01-01,53.69588,김건희,30∼34세
2024-01-08,43.82657,김건희,30∼34세
2024-01-15,47.08684,김건희,30∼34세
2024-01-22,79.43778,김건희,30∼34세
2024-01-29,35.01905,김건희,30∼34세
2024-02-05,45.63708,김건희,30∼34세
2024-02-12,23.67274,김건희,30∼34세
2024-02-19,24.27851,김건희,30∼34세
2024-02-26,23.95181,김건희,30∼34세
2024-03-04,17.39722,김건희,30∼34세
2024-03-11,15.53226,김건희,30∼34세
2024-03-18,16.28777,김건희,30∼34세
2024-03-25,19.27579,김건희,30∼34세
2024-04-01,29.85298,김건희,30∼34세
2024-04-08,100.0,김건희,30∼34세
2024-04-15,40.34168,김건희,30∼34세
2024-04-22,29.48543,김건희,30∼34세
2024-04-29,28.14456,김건희,30∼34세
2024-05-06,48.12823,김건희,30∼34세
2024-05-13,63.5652,김건희,30∼34세
2024-05-20,38.04111,김건희,30∼34세
2024-05-27,25.28586,김건희,30∼34세
2024-06-03,50.94609,김건희,30∼34세
2023-06-05,2.15763,김정숙,30∼34세
2023-06-12,1.68118,김정숙,30∼34세
2023-06-19,2.06234,김정숙,30∼34세
2023-06-26,1.86496,김정숙,30∼34세
2023-07-03,2.25973,김정숙,30∼34세
2023-07-10,3.22624,김정숙,30∼34세
2023-07-17,3.17179,김정숙,30∼34세
2023-07-24,1.68118,김정숙,30∼34세
2023-07-31,1.77647,김정숙,30∼34세
2023-08-07,1.76967,김정숙,30∼34세
2023-08-14,2.38905,김정숙,30∼34세
2023-08-21,1.76286,김정숙,30∼34세
2023-08-28,1.36809,김정숙,30∼34세
2023-09-04,1.96025,김정숙,30∼34세
2023-09-11,1.68799,김정숙,30∼34세
2023-09-18,2.57282,김정숙,30∼34세
2023-09-25,1.51102,김정숙,30∼34세
2023-10-02,1.41573,김정숙,30∼34세
2023-10-09,1.32725,김정숙,30∼34세
2023-10-16,1.39531,김정숙,30∼34세
2023-10-23,1.7016,김정숙,30∼34세
2023-10-30,1.42254,김정숙,30∼34세
2023-11-06,1.15028,김정숙,30∼34세
2023-11-13,1.87857,김정숙,30∼34세
2023-11-20,2.47753,김정숙,30∼34세
2023-11-27,2.78382,김정숙,30∼34세
2023-12-04,2.29376,김정숙,30∼34세
2023-12-11,1.85815,김정숙,30∼34세
2023-12-18,1.9126,김정숙,30∼34세
2023-12-25,4.90743,김정숙,30∼34세
2024-01-01,8.66457,김정숙,30∼34세
2024-01-08,4.7713,김정숙,30∼34세
2024-01-15,2.19166,김정숙,30∼34세
2024-01-22,3.1786,김정숙,30∼34세
2024-01-29,2.0147,김정숙,30∼34세
2024-02-05,2.40947,김정숙,30∼34세
2024-02-12,4.09746,김정숙,30∼34세
2024-02-19,2.10999,김정숙,30∼34세
2024-02-26,1.81731,김정숙,30∼34세
2024-03-04,2.05554,김정숙,30∼34세
2024-03-11,1.4838,김정숙,30∼34세
2024-03-18,1.44976,김정숙,30∼34세
2024-03-25,1.49741,김정숙,30∼34세
2024-04-01,2.21889,김정숙,30∼34세
2024-04-08,4.17233,김정숙,30∼34세
2024-04-15,3.98856,김정숙,30∼34세
2024-04-22,1.68118,김정숙,30∼34세
2024-04-29,1.4838,김정숙,30∼34세
2024-05-06,2.70895,김정숙,30∼34세
2024-05-13,4.25401,김정숙,30∼34세
2024-05-20,9.34522,김정숙,30∼34세
2024-05-27,11.74789,김정숙,30∼34세
2024-06-03,23.74081,김정숙,30∼34세
2023-06-05,0.64661,김혜경,30∼34세
2023-06-12,0.64661,김혜경,30∼34세
2023-06-19,1.05499,김혜경,30∼34세
2023-06-26,0.56493,김혜경,30∼34세
2023-07-03,0.54451,김혜경,30∼34세
2023-07-10,0.59896,김혜경,30∼34세
2023-07-17,0.81677,김혜경,30∼34세
2023-07-24,0.6398,김혜경,30∼34세
2023-07-31,1.22515,김혜경,30∼34세
2023-08-07,1.46338,김혜경,30∼34세
2023-08-14,1.12986,김혜경,30∼34세
2023-08-21,1.2796,김혜경,30∼34세
2023-08-28,0.98012,김혜경,30∼34세
2023-09-04,1.04138,김혜경,30∼34세
2023-09-11,0.9597,김혜경,30∼34세
2023-09-18,5.06398,김혜경,30∼34세
2023-09-25,2.28015,김혜경,30∼34세
2023-10-02,1.11625,김혜경,30∼34세
2023-10-09,1.04138,김혜경,30∼34세
2023-10-16,3.75714,김혜경,30∼34세
2023-10-23,1.23196,김혜경,30∼34세
2023-10-30,0.6398,김혜경,30∼34세
2023-11-06,1.26599,김혜경,30∼34세
2023-11-13,1.04138,김혜경,30∼34세
2023-11-20,1.90579,김혜경,30∼34세
2023-11-27,0.59896,김혜경,30∼34세
2023-12-04,1.40212,김혜경,30∼34세
2023-12-11,0.77593,김혜경,30∼34세
2023-12-18,0.84399,김혜경,30∼34세
2023-12-25,1.0686,김혜경,30∼34세
2024-01-01,2.74298,김혜경,30∼34세
2024-01-08,1.65396,김혜경,30∼34세
2024-01-15,1.0618,김혜경,30∼34세
2024-01-22,0.92567,김혜경,30∼34세
2024-01-29,0.76231,김혜경,30∼34세
2024-02-05,3.13095,김혜경,30∼34세
2024-02-12,9.52218,김혜경,30∼34세
2024-02-19,4.09746,김혜경,30∼34세
2024-02-26,13.55159,김혜경,30∼34세
2024-03-04,4.3493,김혜경,30∼34세
2024-03-11,1.54505,김혜경,30∼34세
2024-03-18,1.88537,김혜경,30∼34세
2024-03-25,1.52463,김혜경,30∼34세
2024-04-01,1.8037,김혜경,30∼34세
2024-04-08,7.27606,김혜경,30∼34세
2024-04-15,2.50476,김혜경,30∼34세
2024-04-22,2.07595,김혜경,30∼34세
2024-04-29,2.53879,김혜경,30∼34세
2024-05-06,4.30166,김혜경,30∼34세
2024-05-13,1.1707,김혜경,30∼34세
2024-05-20,3.02205,김혜경,30∼34세
2024-05-27,1.66076,김혜경,30∼34세
2024-06-03,1.72202,김혜경,30∼34세
2023-06-05,29.89502,김건희,35∼39세
2023-06-12,26.80467,김건희,35∼39세
2023-06-19,48.28969,김건희,35∼39세
2023-06-26,25.16513,김건희,35∼39세
2023-07-03,68.36518,김건희,35∼39세
2023-07-10,100.0,김건희,35∼39세
2023-07-17,85.33262,김건희,35∼39세
2023-07-24,34.34182,김건희,35∼39세
2023-07-31,26.94031,김건희,35∼39세
2023-08-07,24.05048,김건희,35∼39세
2023-08-14,46.36117,김건희,35∼39세
2023-08-21,24.57537,김건희,35∼39세
2023-08-28,29.9422,김건희,35∼39세
2023-09-04,25.91413,김건희,35∼39세
2023-09-11,33.98796,김건희,35∼39세
2023-09-18,27.77188,김건희,35∼39세
2023-09-25,23.44302,김건희,35∼39세
2023-10-02,21.33757,김건희,35∼39세
2023-10-09,24.92922,김건희,35∼39세
2023-10-16,29.6945,김건희,35∼39세
2023-10-23,42.62797,김건희,35∼39세
2023-10-30,20.68294,김건희,35∼39세
2023-11-06,22.07478,김건희,35∼39세
2023-11-13,26.68671,김건희,35∼39세
2023-11-20,43.47723,김건희,35∼39세
2023-11-27,73.14225,김건희,35∼39세
2023-12-04,34.3831,김건희,35∼39세
2023-12-11,45.88346,김건희,35∼39세
2023-12-18,31.37532,김건희,35∼39세
2023-12-25,78.53857,김건희,35∼39세
2024-01-01,45.57088,김건희,35∼39세
2024-01-08,36.98395,김건희,35∼39세
2024-01-15,43.49492,김건희,35∼39세
2024-01-22,71.37886,김건희,35∼39세
2024-01-29,30.29016,김건희,35∼39세
2024-02-05,38.15758,김건희,35∼39세
2024-02-12,21.43783,김건희,35∼39세
2024-02-19,22.38145,김건희,35∼39세
2024-02-26,23.37815,김건희,35∼39세
2024-03-04,15.60509,김건희,35∼39세
2024-03-11,12.98655,김건희,35∼39세
2024-03-18,14.53172,김건희,35∼39세
2024-03-25,17.25053,김건희,35∼39세
2024-04-01,26.7221,김건희,35∼39세
2024-04-08,93.07619,김건희,35∼39세
2024-04-15,38.8417,김건희,35∼39세
2024-04-22,28.92191,김건희,35∼39세
2024-04-29,26.55107,김건희,35∼39세
2024-05-06,41.5605,김건희,35∼39세
2024-05-13,63.68836,김건희,35∼39세
2024-05-20,36.76574,김건희,35∼39세
2024-05-27,22.64095,김건희,35∼39세
2024-06-03,43.73673,김건희,35∼39세
2023-06-05,1.61004,김정숙,35∼39세
2023-06-12,1.29747,김정숙,35∼39세
2023-06-19,1.69261,김정숙,35∼39세
2023-06-26,1.30337,김정숙,35∼39세
2023-07-03,1.67492,김정숙,35∼39세
2023-07-10,2.68931,김정숙,35∼39세
2023-07-17,2.49469,김정숙,35∼39세
2023-07-24,1.26798,김정숙,35∼39세
2023-07-31,1.41542,김정숙,35∼39세
2023-08-07,1.16772,김정숙,35∼39세
2023-08-14,2.04647,김정숙,35∼39세
2023-08-21,1.27388,김정숙,35∼39세
2023-08-28,1.4685,김정숙,35∼39세
2023-09-04,1.33875,김정숙,35∼39세
2023-09-11,1.27388,김정숙,35∼39세
2023-09-18,1.84595,김정숙,35∼39세
2023-09-25,1.19131,김정숙,35∼39세
2023-10-02,1.03798,김정숙,35∼39세
2023-10-09,1.03208,김정숙,35∼39세
2023-10-16,1.13824,김정숙,35∼39세
2023-10-23,1.62184,김정숙,35∼39세
2023-10-30,0.9849,김정숙,35∼39세
2023-11-06,1.05567,김정숙,35∼39세
2023-11-13,1.63364,김정숙,35∼39세
2023-11-20,1.73389,김정숙,35∼39세
2023-11-27,1.63953,김정숙,35∼39세
2023-12-04,1.43901,김정숙,35∼39세
2023-12-11,1.52158,김정숙,35∼39세
2023-12-18,1.31516,김정숙,35∼39세
2023-12-25,4.27577,김정숙,35∼39세
2024-01-01,8.1623,김정숙,35∼39세
2024-01-08,3.93371,김정숙,35∼39세
2024-01-15,1.85774,김정숙,35∼39세
2024-01-22,3.29087,김정숙,35∼39세
2024-01-29,1.43901,김정숙,35∼39세
2024-02-05,1.99339,김정숙,35∼39세
2024-02-12,3.55626,김정숙,35∼39세
2024-02-19,1.57466,김정숙,35∼39세
2024-02-26,1.30337,김정숙,35∼39세
2024-03-04,1.57466,김정숙,35∼39세
2024-03-11,1.17952,김정숙,35∼39세
2024-03-18,1.18542,김정숙,35∼39세
2024-03-25,0.979,김정숙,35∼39세
2024-04-01,1.86954,김정숙,35∼39세
2024-04-08,2.9488,김정숙,35∼39세
2024-04-15,3.4619,김정숙,35∼39세
2024-04-22,1.33286,김정숙,35∼39세
2024-04-29,1.17952,김정숙,35∼39세
2024-05-06,2.05237,김정숙,35∼39세
2024-05-13,3.9455,김정숙,35∼39세
2024-05-20,8.1682,김정숙,35∼39세
2024-05-27,9.70158,김정숙,35∼39세
2024-06-03,19.18494,김정숙,35∼39세
2023-06-05,0.4718,김혜경,35∼39세
2023-06-12,0.7195,김혜경,35∼39세
2023-06-19,1.38594,김혜경,35∼39세
2023-06-26,0.52488,김혜경,35∼39세
2023-07-03,0.56617,김혜경,35∼39세
2023-07-10,0.58386,김혜경,35∼39세
2023-07-17,0.90823,김혜경,35∼39세
2023-07-24,0.62514,김혜경,35∼39세
2023-07-31,1.43901,김혜경,35∼39세
2023-08-07,1.57466,김혜경,35∼39세
2023-08-14,1.19721,김혜경,35∼39세
2023-08-21,1.12054,김혜경,35∼39세
2023-08-28,0.80797,김혜경,35∼39세
2023-09-04,1.09105,김혜경,35∼39세
2023-09-11,1.38004,김혜경,35∼39세
2023-09-18,5.49657,김혜경,35∼39세
2023-09-25,2.50058,김혜경,35∼39세
2023-10-02,0.87874,김혜경,35∼39세
2023-10-09,1.19131,김혜경,35∼39세
2023-10-16,4.14602,김혜경,35∼39세
2023-10-23,1.26798,김혜경,35∼39세
2023-10-30,0.64873,김혜경,35∼39세
2023-11-06,1.36824,김혜경,35∼39세
2023-11-13,0.94361,김혜경,35∼39세
2023-11-20,1.04387,김혜경,35∼39세
2023-11-27,0.67232,김혜경,35∼39세
2023-12-04,1.61004,김혜경,35∼39세
2023-12-11,0.7313,김혜경,35∼39세
2023-12-18,0.92592,김혜경,35∼39세
2023-12-25,0.79028,김혜경,35∼39세
2024-01-01,2.02878,김혜경,35∼39세
2024-01-08,1.36824,김혜경,35∼39세
2024-01-15,0.83156,김혜경,35∼39세
2024-01-22,0.94361,김혜경,35∼39세
2024-01-29,0.76669,김혜경,35∼39세
2024-02-05,3.88652,김혜경,35∼39세
2024-02-12,10.81623,김혜경,35∼39세
2024-02-19,4.26397,김혜경,35∼39세
2024-02-26,13.98914,김혜경,35∼39세
2024-03-04,3.96319,김혜경,35∼39세
2024-03-11,1.62774,김혜경,35∼39세
2024-03-18,1.52748,김혜경,35∼39세
2024-03-25,1.66902,김혜경,35∼39세
2024-04-01,1.76928,김혜경,35∼39세
2024-04-08,7.76716,김혜경,35∼39세
2024-04-15,2.58905,김혜경,35∼39세
2024-04-22,2.37673,김혜경,35∼39세
2024-04-29,2.19391,김혜경,35∼39세
2024-05-06,4.11653,김혜경,35∼39세
2024-05-13,1.11464,김혜경,35∼39세
2024-05-20,2.9488,김혜경,35∼39세
2024-05-27,1.35055,김혜경,35∼39세
2024-06-03,1.60415,김혜경,35∼39세
2023-06-05,27.23987,김건희,40∼44세
2023-06-12,24.32625,김건희,40∼44세
2023-06-19,48.69266,김건희,40∼44세
2023-06-26,23.79528,김건희,40∼44세
2023-07-03,61.8731,김건희,40∼44세
2023-07-10,100.0,김건희,40∼44세
2023-07-17,84.90986,김건희,40∼44세
2023-07-24,34.38336,김건희,40∼44세
2023-07-31,23.94699,김건희,40∼44세
2023-08-07,22.15777,김건희,40∼44세
2023-08-14,47.81813,김건희,40∼44세
2023-08-21,24.97769,김건희,40∼44세
2023-08-28,28.13225,김건희,40∼44세
2023-09-04,26.29394,김건희,40∼44세
2023-09-11,33.15634,김건희,40∼44세
2023-09-18,27.63251,김건희,40∼44세
2023-09-25,23.20185,김건희,40∼44세
2023-10-02,20.33731,김건희,40∼44세
2023-10-09,24.7769,김건희,40∼44세
2023-10-16,28.64536,김건희,40∼44세
2023-10-23,38.49723,김건희,40∼44세
2023-10-30,17.99036,김건희,40∼44세
2023-11-06,21.36355,김건희,40∼44세
2023-11-13,25.66482,김건희,40∼44세
2023-11-20,46.45725,김건희,40∼44세
2023-11-27,80.26503,김건희,40∼44세
2023-12-04,37.14527,김건희,40∼44세
2023-12-11,49.12993,김건희,40∼44세
2023-12-18,30.95216,김건희,40∼44세
2023-12-25,72.70212,김건희,40∼44세
2024-01-01,43.30269,김건희,40∼44세
2024-01-08,37.05157,김건희,40∼44세
2024-01-15,41.86596,김건희,40∼44세
2024-01-22,68.34285,김건희,40∼44세
2024-01-29,28.86846,김건희,40∼44세
2024-02-05,36.31982,김건희,40∼44세
2024-02-12,22.58165,김건희,40∼44세
2024-02-19,21.79189,김건희,40∼44세
2024-02-26,24.08084,김건희,40∼44세
2024-03-04,14.25575,김건희,40∼44세
2024-03-11,12.59593,김건희,40∼44세
2024-03-18,14.7064,김건희,40∼44세
2024-03-25,17.82081,김건희,40∼44세
2024-04-01,26.58843,김건희,40∼44세
2024-04-08,86.62769,김건희,40∼44세
2024-04-15,39.25575,김건희,40∼44세
2024-04-22,31.24665,김건희,40∼44세
2024-04-29,26.63751,김건희,40∼44세
2024-05-06,40.97804,김건희,40∼44세
2024-05-13,71.49295,김건희,40∼44세
2024-05-20,35.44975,김건희,40∼44세
2024-05-27,20.55595,김건희,40∼44세
2024-06-03,40.23291,김건희,40∼44세
2023-06-05,1.48581,김정숙,40∼44세
2023-06-12,1.20471,김정숙,40∼44세
2023-06-19,1.6152,김정숙,40∼44세
2023-06-26,1.11547,김정숙,40∼44세
2023-07-03,1.62412,김정숙,40∼44세
2023-07-10,2.16401,김정숙,40∼44세
2023-07-17,2.0257,김정숙,40∼44세
2023-07-24,1.32072,김정숙,40∼44세
2023-07-31,1.30287,김정숙,40∼44세
2023-08-07,1.13778,김정숙,40∼44세
2023-08-14,1.92753,김정숙,40∼44세
2023-08-21,1.07085,김정숙,40∼44세
2023-08-28,1.07085,김정숙,40∼44세
2023-09-04,1.18686,김정숙,40∼44세
2023-09-11,1.04408,김정숙,40∼44세
2023-09-18,1.58843,김정숙,40∼44세
2023-09-25,1.09762,김정숙,40∼44세
2023-10-02,0.93253,김정숙,40∼44세
2023-10-09,0.70051,김정숙,40∼44세
2023-10-16,0.94592,김정숙,40∼44세
2023-10-23,1.45011,김정숙,40∼44세
2023-10-30,0.87453,김정숙,40∼44세
2023-11-06,0.73621,김정숙,40∼44세
2023-11-13,1.40103,김정숙,40∼44세
2023-11-20,1.47242,김정숙,40∼44세
2023-11-27,1.28502,김정숙,40∼44세
2023-12-04,1.1824,김정숙,40∼44세
2023-12-11,1.22255,김정숙,40∼44세
2023-12-18,1.06639,김정숙,40∼44세
2023-12-25,3.52935,김정숙,40∼44세
2024-01-01,8.23219,김정숙,40∼44세
2024-01-08,3.62752,김정숙,40∼44세
2024-01-15,1.68213,김정숙,40∼44세
2024-01-22,2.7039,김정숙,40∼44세
2024-01-29,1.24486,김정숙,40∼44세
2024-02-05,1.69552,김정숙,40∼44세
2024-02-12,3.28395,김정숙,40∼44세
2024-02-19,1.29394,김정숙,40∼44세
2024-02-26,1.11547,김정숙,40∼44세
2024-03-04,1.4278,김정숙,40∼44세
2024-03-11,0.92361,김정숙,40∼44세
2024-03-18,0.83437,김정숙,40∼44세
2024-03-25,1.05746,김정숙,40∼44세
2024-04-01,1.71782,김정숙,40∼44세
2024-04-08,2.28002,김정숙,40∼44세
2024-04-15,2.24879,김정숙,40∼44세
2024-04-22,1.01285,김정숙,40∼44세
2024-04-29,1.02177,김정숙,40∼44세
2024-05-06,1.58843,김정숙,40∼44세
2024-05-13,3.31072,김정숙,40∼44세
2024-05-20,7.40674,김정숙,40∼44세
2024-05-27,8.04925,김정숙,40∼44세
2024-06-03,17.15152,김정숙,40∼44세
2023-06-05,0.42388,김혜경,40∼44세
2023-06-12,0.64697,김혜경,40∼44세
2023-06-19,1.2404,김혜경,40∼44세
2023-06-26,0.44618,김혜경,40∼44세
2023-07-03,0.42834,김혜경,40∼44세
2023-07-10,0.59789,김혜경,40∼44세
2023-07-17,0.82545,김혜경,40∼44세
2023-07-24,0.62912,김혜경,40∼44세
2023-07-31,1.03515,김혜경,40∼44세
2023-08-07,1.61074,김혜경,40∼44세
2023-08-14,1.04408,김혜경,40∼44세
2023-08-21,1.46796,김혜경,40∼44세
2023-08-28,0.94145,김혜경,40∼44세
2023-09-04,1.04408,김혜경,40∼44세
2023-09-11,1.37872,김혜경,40∼44세
2023-09-18,5.33642,김혜경,40∼44세
2023-09-25,2.28895,김혜경,40∼44세
2023-10-02,0.7719,김혜경,40∼44세
2023-10-09,0.82991,김혜경,40∼44세
2023-10-16,4.03355,김혜경,40∼44세
2023-10-23,1.04854,김혜경,40∼44세
2023-10-30,0.47296,김혜경,40∼44세
2023-11-06,1.22255,김혜경,40∼44세
2023-11-13,0.84329,김혜경,40∼44세
2023-11-20,0.95038,김혜경,40∼44세
2023-11-27,0.61574,김혜경,40∼44세
2023-12-04,1.5215,김혜경,40∼44세
2023-12-11,0.76298,김혜경,40∼44세
2023-12-18,0.86114,김혜경,40∼44세
2023-12-25,0.7719,김혜경,40∼44세
2024-01-01,2.1774,김혜경,40∼44세
2024-01-08,1.16901,김혜경,40∼44세
2024-01-15,0.7719,김혜경,40∼44세
2024-01-22,0.82098,김혜경,40∼44세
2024-01-29,0.71836,김혜경,40∼44세
2024-02-05,3.43119,김혜경,40∼44세
2024-02-12,10.49437,김혜경,40∼44세
2024-02-19,4.04693,김혜경,40∼44세
2024-02-26,15.00535,김혜경,40∼44세
2024-03-04,4.25218,김혜경,40∼44세
2024-03-11,1.66428,김혜경,40∼44세
2024-03-18,1.52596,김혜경,40∼44세
2024-03-25,1.61966,김혜경,40∼44세
2024-04-01,1.61074,김혜경,40∼44세
2024-04-08,6.79992,김혜경,40∼44세
2024-04-15,2.28002,김혜경,40∼44세
2024-04-22,2.10601,김혜경,40∼44세
2024-04-29,2.23094,김혜경,40∼44세
2024-05-06,4.39496,김혜경,40∼44세
2024-05-13,1.02623,김혜경,40∼44세
2024-05-20,3.05639,김혜경,40∼44세
2024-05-27,1.61074,김혜경,40∼44세
2024-06-03,1.49473,김혜경,40∼44세
2023-06-05,27.16763,김건희,45∼49세
2023-06-12,25.15179,김건희,45∼49세
2023-06-19,47.97687,김건희,45∼49세
2023-06-26,25.71039,김건희,45∼49세
2023-07-03,58.32321,김건희,45∼49세
2023-07-10,100.0,김건희,45∼49세
2023-07-17,81.27459,김건희,45∼49세
2023-07-24,34.65779,김건희,45∼49세
2023-07-31,24.02972,김건희,45∼49세
2023-08-07,21.97017,김건희,45∼49세
2023-08-14,49.16209,김건희,45∼49세
2023-08-21,25.13722,김건희,45∼49세
2023-08-28,26.57988,김건희,45∼49세
2023-09-04,26.04556,김건희,45∼49세
2023-09-11,32.21936,김건희,45∼49세
2023-09-18,27.09476,김건희,45∼49세
2023-09-25,21.96531,김건희,45∼49세
2023-10-02,17.77335,김건희,45∼49세
2023-10-09,23.85,김건희,45∼49세
2023-10-16,27.78938,김건희,45∼49세
2023-10-23,34.42463,김건희,45∼49세
2023-10-30,17.2196,김건희,45∼49세
2023-11-06,18.99742,김건희,45∼49세
2023-11-13,25.64725,김건희,45∼49세
2023-11-20,48.6812,김건희,45∼49세
2023-11-27,80.83742,김건희,45∼49세
2023-12-04,38.11628,김건희,45∼49세
2023-12-11,51.64424,김건희,45∼49세
2023-12-18,32.28736,김건희,45∼49세
2023-12-25,64.59416,김건희,45∼49세
2024-01-01,40.72958,김건희,45∼49세
2024-01-08,36.1976,김건희,45∼49세
2024-01-15,39.31121,김건희,45∼49세
2024-01-22,64.07441,김건희,45∼49세
2024-01-29,28.00796,김건희,45∼49세
2024-02-05,35.78957,김건희,45∼49세
2024-02-12,22.73279,김건희,45∼49세
2024-02-19,22.63078,김건희,45∼49세
2024-02-26,24.73891,김건희,45∼49세
2024-03-04,14.09627,김건희,45∼49세
2024-03-11,12.38645,김건희,45∼49세
2024-03-18,14.66945,김건희,45∼49세
2024-03-25,17.00102,김건희,45∼49세
2024-04-01,24.0783,김건희,45∼49세
2024-04-08,75.35337,김건희,45∼49세
2024-04-15,36.09559,김건희,45∼49세
2024-04-22,30.98557,김건희,45∼49세
2024-04-29,26.14756,김건희,45∼49세
2024-05-06,37.84912,김건희,45∼49세
2024-05-13,71.50629,김건희,45∼49세
2024-05-20,35.81386,김건희,45∼49세
2024-05-27,20.72667,김건희,45∼49세
2024-06-03,38.88376,김건희,45∼49세
2023-06-05,1.4378,김정숙,45∼49세
2023-06-12,1.15121,김정숙,45∼49세
2023-06-19,1.35522,김정숙,45∼49세
2023-06-26,1.39894,김정숙,45∼49세
2023-07-03,1.57866,김정숙,45∼49세
2023-07-10,2.11784,김정숙,45∼49세
2023-07-17,1.81668,김정숙,45∼49세
2023-07-24,1.14635,김정숙,45∼49세
2023-07-31,1.32607,김정숙,45∼49세
2023-08-07,1.00548,김정숙,45∼49세
2023-08-14,1.82153,김정숙,45∼49세
2023-08-21,1.12206,김정숙,45∼49세
2023-08-28,0.91319,김정숙,45∼49세
2023-09-04,0.87433,김정숙,45∼49세
2023-09-11,1.08806,김정숙,45∼49세
2023-09-18,1.49123,김정숙,45∼49세
2023-09-25,0.88405,김정숙,45∼49세
2023-10-02,0.72861,김정숙,45∼49세
2023-10-09,0.70432,김정숙,45∼49세
2023-10-16,0.70432,김정숙,45∼49세
2023-10-23,1.51551,김정숙,45∼49세
2023-10-30,0.68004,김정숙,45∼49세
2023-11-06,0.67518,김정숙,45∼49세
2023-11-13,1.05406,김정숙,45∼49세
2023-11-20,1.09292,김정숙,45∼49세
2023-11-27,1.12692,김정숙,45∼49세
2023-12-04,1.06377,김정숙,45∼49세
2023-12-11,1.02491,김정숙,45∼49세
2023-12-18,0.80633,김정숙,45∼49세
2023-12-25,3.2059,김정숙,45∼49세
2024-01-01,7.31529,김정숙,45∼49세
2024-01-08,3.68193,김정숙,45∼49세
2024-01-15,1.58838,김정숙,45∼49세
2024-01-22,2.30728,김정숙,45∼49세
2024-01-29,1.21435,김정숙,45∼49세
2024-02-05,1.48637,김정숙,45∼49세
2024-02-12,3.47306,김정숙,45∼49세
2024-02-19,1.23378,김정숙,45∼49세
2024-02-26,1.05892,김정숙,45∼49세
2024-03-04,1.26779,김정숙,45∼49세
2024-03-11,1.10263,김정숙,45∼49세
2024-03-18,0.77718,김정숙,45∼49세
2024-03-25,0.80147,김정숙,45∼49세
2024-04-01,1.60295,김정숙,45∼49세
2024-04-08,1.9624,김정숙,45∼49세
2024-04-15,1.25321,김정숙,45∼49세
2024-04-22,0.86948,김정숙,45∼49세
2024-04-29,0.89862,김정숙,45∼49세
2024-05-06,1.52037,김정숙,45∼49세
2024-05-13,3.12818,김정숙,45∼49세
2024-05-20,6.78097,김정숙,45∼49세
2024-05-27,6.6984,김정숙,45∼49세
2024-06-03,14.49944,김정숙,45∼49세
2023-06-05,0.38373,김혜경,45∼49세
2023-06-12,0.63632,김혜경,45∼49세
2023-06-19,1.14149,김혜경,45∼49세
2023-06-26,0.45174,김혜경,45∼49세
2023-07-03,0.45659,김혜경,45∼49세
2023-07-10,0.73833,김혜경,45∼49세
2023-07-17,0.77718,김혜경,45∼49세
2023-07-24,0.53917,김혜경,45∼49세
2023-07-31,1.2435,김혜경,45∼49세
2023-08-07,1.69524,김혜경,45∼49세
2023-08-14,1.26293,김혜경,45∼49세
2023-08-21,1.64181,김혜경,45∼49세
2023-08-28,0.80147,김혜경,45∼49세
2023-09-04,0.85976,김혜경,45∼49세
2023-09-11,1.2775,김혜경,45∼49세
2023-09-18,4.58056,김혜경,45∼49세
2023-09-25,1.84096,김혜경,45∼49세
2023-10-02,0.67032,김혜경,45∼49세
2023-10-09,1.17549,김혜경,45∼49세
2023-10-16,3.72565,김혜경,45∼49세
2023-10-23,0.99091,김혜경,45∼49세
2023-10-30,0.53917,김혜경,45∼49세
2023-11-06,1.41351,김혜경,45∼49세
2023-11-13,0.80633,김혜경,45∼49세
2023-11-20,0.76261,김혜경,45∼49세
2023-11-27,0.54889,김혜경,45∼49세
2023-12-04,1.62238,김혜경,45∼49세
2023-12-11,0.70432,김혜경,45∼49세
2023-12-18,0.85005,김혜경,45∼49세
2023-12-25,0.74804,김혜경,45∼49세
2024-01-01,1.77782,김혜경,45∼49세
2024-01-08,1.12692,김혜경,45∼49세
2024-01-15,0.90834,김혜경,45∼49세
2024-01-22,0.74804,김혜경,45∼49세
2024-01-29,0.95205,김혜경,45∼49세
2024-02-05,3.64307,김혜경,45∼49세
2024-02-12,10.30747,김혜경,45∼49세
2024-02-19,3.60421,김혜경,45∼49세
2024-02-26,16.62214,김혜경,45∼49세
2024-03-04,4.3134,김혜경,45∼49세
2024-03-11,1.8021,김혜경,45∼49세
2024-03-18,1.86039,김혜경,45∼49세
2024-03-25,1.86039,김혜경,45∼49세
2024-04-01,1.88954,김혜경,45∼49세
2024-04-08,6.64011,김혜경,45∼49세
2024-04-15,1.96726,김혜경,45∼49세
2024-04-22,1.95268,김혜경,45∼49세
2024-04-29,2.79302,김혜경,45∼49세
2024-05-06,4.23568,김혜경,45∼49세
2024-05-13,0.8209,김혜경,45∼49세
2024-05-20,3.23505,김혜경,45∼49세
2024-05-27,1.38436,김혜경,45∼49세
2024-06-03,1.33093,김혜경,45∼49세
2023-06-05,27.25803,김건희,50∼54세
2023-06-12,24.10854,김건희,50∼54세
2023-06-19,46.67907,김건희,50∼54세
2023-06-26,25.26449,김건희,50∼54세
2023-07-03,51.74373,김건희,50∼54세
2023-07-10,100.0,김건희,50∼54세
2023-07-17,75.63185,김건희,50∼54세
2023-07-24,36.01097,김건희,50∼54세
2023-07-31,23.74118,김건희,50∼54세
2023-08-07,21.05701,김건희,50∼54세
2023-08-14,45.43985,김건희,50∼54세
2023-08-21,23.24157,김건희,50∼54세
2023-08-28,25.54858,김건희,50∼54세
2023-09-04,26.18044,김건희,50∼54세
2023-09-11,30.38793,김건희,50∼54세
2023-09-18,27.12578,김건희,50∼54세
2023-09-25,21.72805,김건희,50∼54세
2023-10-02,18.40223,김건희,50∼54세
2023-10-09,24.7159,김건희,50∼54세
2023-10-16,27.93887,김건희,50∼54세
2023-10-23,33.45905,김건희,50∼54세
2023-10-30,16.07072,김건희,50∼54세
2023-11-06,19.04878,김건희,50∼54세
2023-11-13,24.51508,김건희,50∼54세
2023-11-20,47.52155,김건희,50∼54세
2023-11-27,73.09463,김건희,50∼54세
2023-12-04,37.2159,김건희,50∼54세
2023-12-11,50.7739,김건희,50∼54세
2023-12-18,32.90556,김건희,50∼54세
2023-12-25,61.12362,김건희,50∼54세
2024-01-01,39.50333,김건희,50∼54세
2024-01-08,36.89263,김건희,50∼54세
2024-01-15,38.29349,김건희,50∼54세
2024-01-22,60.53095,김건희,50∼54세
2024-01-29,28.28173,김건희,50∼54세
2024-02-05,36.22648,김건희,50∼54세
2024-02-12,22.01704,김건희,50∼54세
2024-02-19,21.96316,김건희,50∼54세
2024-02-26,25.99921,김건희,50∼54세
2024-03-04,15.19396,김건희,50∼54세
2024-03-11,13.90086,김건희,50∼54세
2024-03-18,15.84541,김건희,50∼54세
2024-03-25,17.11892,김건희,50∼54세
2024-04-01,22.61951,김건희,50∼54세
2024-04-08,64.85109,김건희,50∼54세
2024-04-15,34.45336,김건희,50∼54세
2024-04-22,30.93162,김건희,50∼54세
2024-04-29,27.28252,김건희,50∼54세
2024-05-06,36.78977,김건희,50∼54세
2024-05-13,69.28389,김건희,50∼54세
2024-05-20,33.86559,김건희,50∼54세
2024-05-27,20.64067,김건희,50∼54세
2024-06-03,35.86892,김건희,50∼54세
2023-06-05,1.08248,김정숙,50∼54세
2023-06-12,1.2882,김정숙,50∼54세
2023-06-19,1.30289,김정숙,50∼54세
2023-06-26,1.37147,김정숙,50∼54세
2023-07-03,1.62127,김정숙,50∼54세
2023-07-10,1.73883,김정숙,50∼54세
2023-07-17,1.87108,김정숙,50∼54세
2023-07-24,1.01391,김정숙,50∼54세
2023-07-31,1.44494,김정숙,50∼54세
2023-08-07,0.85227,김정숙,50∼54세
2023-08-14,1.51351,김정숙,50∼54세
2023-08-21,0.84247,김정숙,50∼54세
2023-08-28,0.98942,김정숙,50∼54세
2023-09-04,0.91594,김정숙,50∼54세
2023-09-11,0.90125,김정숙,50∼54세
2023-09-18,1.46943,김정숙,50∼54세
2023-09-25,0.94533,김정숙,50∼54세
2023-10-02,0.89635,김정숙,50∼54세
2023-10-09,0.57797,김정숙,50∼54세
2023-10-16,0.66614,김정숙,50∼54세
2023-10-23,1.63107,김정숙,50∼54세
2023-10-30,0.64655,김정숙,50∼54세
2023-11-06,0.64165,김정숙,50∼54세
2023-11-13,1.04329,김정숙,50∼54세
2023-11-20,0.93554,김정숙,50∼54세
2023-11-27,0.95513,김정숙,50∼54세
2023-12-04,0.93554,김정숙,50∼54세
2023-12-11,1.10697,김정숙,50∼54세
2023-12-18,0.91105,김정숙,50∼54세
2023-12-25,3.14949,김정숙,50∼54세
2024-01-01,9.06641,김정숙,50∼54세
2024-01-08,3.93318,김정숙,50∼54세
2024-01-15,1.59678,김정숙,50∼54세
2024-01-22,2.49804,김정숙,50∼54세
2024-01-29,1.14615,김정숙,50∼54세
2024-02-05,1.46943,김정숙,50∼54세
2024-02-12,3.1152,김정숙,50∼54세
2024-02-19,1.10697,김정숙,50∼54세
2024-02-26,1.08738,김정숙,50∼54세
2024-03-04,1.21963,김정숙,50∼54세
2024-03-11,0.71512,김정숙,50∼54세
2024-03-18,0.56818,김정숙,50∼54세
2024-03-25,0.78859,김정숙,50∼54세
2024-04-01,1.5527,김정숙,50∼54세
2024-04-08,1.66046,김정숙,50∼54세
2024-04-15,1.30779,김정숙,50∼54세
2024-04-22,0.79839,김정숙,50∼54세
2024-04-29,0.90615,김정숙,50∼54세
2024-05-06,1.2833,김정숙,50∼54세
2024-05-13,3.21806,김정숙,50∼54세
2024-05-20,6.51939,김정숙,50∼54세
2024-05-27,6.35775,김정숙,50∼54세
2024-06-03,13.82739,김정숙,50∼54세
2023-06-05,0.68083,김혜경,50∼54세
2023-06-12,0.65634,김혜경,50∼54세
2023-06-19,1.16085,김혜경,50∼54세
2023-06-26,0.54858,김혜경,50∼54세
2023-07-03,0.42613,김혜경,50∼54세
2023-07-10,0.62695,김혜경,50∼54세
2023-07-17,0.7739,김혜경,50∼54세
2023-07-24,0.68573,김혜경,50∼54세
2023-07-31,1.5625,김혜경,50∼54세
2023-08-07,2.25313,김혜경,50∼54세
2023-08-14,1.38126,김혜경,50∼54세
2023-08-21,1.86618,김혜경,50∼54세
2023-08-28,0.96492,김혜경,50∼54세
2023-09-04,0.96003,김혜경,50∼54세
2023-09-11,1.47433,김혜경,50∼54세
2023-09-18,4.88342,김혜경,50∼54세
2023-09-25,1.98373,김혜경,50∼54세
2023-10-02,0.99921,김혜경,50∼54세
2023-10-09,1.41065,김혜경,50∼54세
2023-10-16,4.17319,김혜경,50∼54세
2023-10-23,1.05309,김혜경,50∼54세
2023-10-30,0.54369,김혜경,50∼54세
2023-11-06,1.39596,김혜경,50∼54세
2023-11-13,1.0384,김혜경,50∼54세
2023-11-20,0.68083,김혜경,50∼54세
2023-11-27,0.70043,김혜경,50∼54세
2023-12-04,1.71434,김혜경,50∼54세
2023-12-11,0.69553,김혜경,50∼54세
2023-12-18,1.13636,김혜경,50∼54세
2023-12-25,0.89145,김혜경,50∼54세
2024-01-01,2.11598,김혜경,50∼54세
2024-01-08,1.17554,김혜경,50∼54세
2024-01-15,1.2931,김혜경,50∼54세
2024-01-22,0.91105,김혜경,50∼54세
2024-01-29,1.04819,김혜경,50∼54세
2024-02-05,4.01645,김혜경,50∼54세
2024-02-12,10.89341,김혜경,50∼54세
2024-02-19,4.50137,김혜경,50∼54세
2024-02-26,20.64067,김혜경,50∼54세
2024-03-04,6.7496,김혜경,50∼54세
2024-03-11,2.5862,김혜경,50∼54세
2024-03-18,2.04251,김혜경,50∼54세
2024-03-25,2.3217,김혜경,50∼54세
2024-04-01,2.24333,김혜경,50∼54세
2024-04-08,8.01822,김혜경,50∼54세
2024-04-15,1.97884,김혜경,50∼54세
2024-04-22,2.68906,김혜경,50∼54세
2024-04-29,3.35521,김혜경,50∼54세
2024-05-06,5.99529,김혜경,50∼54세
2024-05-13,1.13636,김혜경,50∼54세
2024-05-20,3.71767,김혜경,50∼54세
2024-05-27,1.66536,김혜경,50∼54세
2024-06-03,1.68985,김혜경,50∼54세
2023-06-05,25.89313,김건희,55∼59세
2023-06-12,22.70114,김건희,55∼59세
2023-06-19,47.0876,김건희,55∼59세
2023-06-26,23.97483,김건희,55∼59세
2023-07-03,50.9242,김건희,55∼59세
2023-07-10,100.0,김건희,55∼59세
2023-07-17,73.24479,김건희,55∼59세
2023-07-24,35.24386,김건희,55∼59세
2023-07-31,24.49518,김건희,55∼59세
2023-08-07,20.58092,김건희,55∼59세
2023-08-14,46.10904,김건희,55∼59세
2023-08-21,21.28766,김건희,55∼59세
2023-08-28,21.89344,김건희,55∼59세
2023-09-04,24.41752,김건희,55∼59세
2023-09-11,27.50854,김건희,55∼59세
2023-09-18,27.02702,김건희,55∼59세
2023-09-25,21.35756,김건희,55∼59세
2023-10-02,17.00062,김건희,55∼59세
2023-10-09,22.1342,김건희,55∼59세
2023-10-16,24.15346,김건희,55∼59세
2023-10-23,27.82696,김건희,55∼59세
2023-10-30,15.06679,김건희,55∼59세
2023-11-06,17.97141,김건희,55∼59세
2023-11-13,26.13389,김건희,55∼59세
2023-11-20,44.11307,김건희,55∼59세
2023-11-27,64.46101,김건희,55∼59세
2023-12-04,33.38769,김건희,55∼59세
2023-12-11,49.9534,김건희,55∼59세
2023-12-18,32.93724,김건희,55∼59세
2023-12-25,59.04007,김건희,55∼59세
2024-01-01,38.63777,김건희,55∼59세
2024-01-08,38.17955,김건희,55∼59세
2024-01-15,38.47468,김건희,55∼59세
2024-01-22,67.15594,김건희,55∼59세
2024-01-29,29.98602,김건희,55∼59세
2024-02-05,35.9739,김건희,55∼59세
2024-02-12,22.41379,김건희,55∼59세
2024-02-19,21.39639,김건희,55∼59세
2024-02-26,23.73407,김건희,55∼59세
2024-03-04,14.6008,김건희,55∼59세
2024-03-11,12.48835,김건희,55∼59세
2024-03-18,15.36968,김건희,55∼59세
2024-03-25,16.26281,김건희,55∼59세
2024-04-01,19.85865,김건희,55∼59세
2024-04-08,52.78813,김건희,55∼59세
2024-04-15,33.62845,김건희,55∼59세
2024-04-22,29.13948,김건희,55∼59세
2024-04-29,26.6387,김건희,55∼59세
2024-05-06,40.22988,김건희,55∼59세
2024-05-13,63.89406,김건희,55∼59세
2024-05-20,31.88101,김건희,55∼59세
2024-05-27,19.33053,김건희,55∼59세
2024-06-03,36.01273,김건희,55∼59세
2023-06-05,1.44454,김정숙,55∼59세
2023-06-12,1.42901,김정숙,55∼59세
2023-06-19,1.49114,김정숙,55∼59세
2023-06-26,2.04255,김정숙,55∼59세
2023-07-03,2.24448,김정숙,55∼59세
2023-07-10,2.88132,김정숙,55∼59세
2023-07-17,2.03479,김정숙,55∼59세
2023-07-24,1.07952,김정숙,55∼59세
2023-07-31,2.13575,김정숙,55∼59세
2023-08-07,1.32805,김정숙,55∼59세
2023-08-14,1.66977,김정숙,55∼59세
2023-08-21,0.97856,김정숙,55∼59세
2023-08-28,1.13389,김정숙,55∼59세
2023-09-04,1.14942,김정숙,55∼59세
2023-09-11,1.43678,김정숙,55∼59세
2023-09-18,1.87169,김정숙,55∼59세
2023-09-25,0.82323,김정숙,55∼59세
2023-10-02,0.75333,김정숙,55∼59세
2023-10-09,0.59024,김정숙,55∼59세
2023-10-16,0.73004,김정숙,55∼59세
2023-10-23,2.57067,김정숙,55∼59세
2023-10-30,0.98633,김정숙,55∼59세
2023-11-06,0.66014,김정숙,55∼59세
2023-11-13,0.90866,김정숙,55∼59세
2023-11-20,1.09506,김정숙,55∼59세
2023-11-27,1.10282,김정숙,55∼59세
2023-12-04,0.97856,김정숙,55∼59세
2023-12-11,1.12612,김정숙,55∼59세
2023-12-18,1.00963,김정숙,55∼59세
2023-12-25,4.4812,김정숙,55∼59세
2024-01-01,11.77384,김정숙,55∼59세
2024-01-08,5.5219,김정숙,55∼59세
2024-01-15,2.11245,김정숙,55∼59세
2024-01-22,2.726,김정숙,55∼59세
2024-01-29,1.55327,김정숙,55∼59세
2024-02-05,2.01926,김정숙,55∼59세
2024-02-12,3.75116,김정숙,55∼59세
2024-02-19,1.30475,김정숙,55∼59세
2024-02-26,1.32805,김정숙,55∼59세
2024-03-04,1.60764,김정숙,55∼59세
2024-03-11,1.03292,김정숙,55∼59세
2024-03-18,0.9009,김정숙,55∼59세
2024-03-25,1.14165,김정숙,55∼59세
2024-04-01,2.12022,김정숙,55∼59세
2024-04-08,2.02702,김정숙,55∼59세
2024-04-15,1.52221,김정숙,55∼59세
2024-04-22,0.9009,김정숙,55∼59세
2024-04-29,0.93973,김정숙,55∼59세
2024-05-06,1.63094,김정숙,55∼59세
2024-05-13,3.54923,김정숙,55∼59세
2024-05-20,8.38769,김정숙,55∼59세
2024-05-27,6.77228,김정숙,55∼59세
2024-06-03,15.7347,김정숙,55∼59세
2023-06-05,0.74557,김혜경,55∼59세
2023-06-12,0.83876,김혜경,55∼59세
2023-06-19,1.60764,김혜경,55∼59세
2023-06-26,0.72227,김혜경,55∼59세
2023-07-03,0.6679,김혜경,55∼59세
2023-07-10,0.74557,김혜경,55∼59세
2023-07-17,0.97079,김혜경,55∼59세
2023-07-24,1.03292,김혜경,55∼59세
2023-07-31,3.03665,김혜경,55∼59세
2023-08-07,3.5104,김혜경,55∼59세
2023-08-14,2.19788,김혜경,55∼59세
2023-08-21,3.33954,김혜경,55∼59세
2023-08-28,1.35911,김혜경,55∼59세
2023-09-04,1.56104,김혜경,55∼59세
2023-09-11,2.22895,김혜경,55∼59세
2023-09-18,7.95278,김혜경,55∼59세
2023-09-25,3.33954,김혜경,55∼59세
2023-10-02,1.32805,김혜경,55∼59세
2023-10-09,2.14352,김혜경,55∼59세
2023-10-16,5.50636,김혜경,55∼59세
2023-10-23,1.78626,김혜경,55∼59세
2023-10-30,0.7844,김혜경,55∼59세
2023-11-06,1.8484,김혜경,55∼59세
2023-11-13,1.18049,김혜경,55∼59세
2023-11-20,0.9242,김혜경,55∼59세
2023-11-27,0.68344,김혜경,55∼59세
2023-12-04,2.62503,김혜경,55∼59세
2023-12-11,0.79217,김혜경,55∼59세
2023-12-18,1.53774,김혜경,55∼59세
2023-12-25,1.24262,김혜경,55∼59세
2024-01-01,3.11432,김혜경,55∼59세
2024-01-08,1.64647,김혜경,55∼59세
2024-01-15,1.58434,김혜경,55∼59세
2024-01-22,1.42124,김혜경,55∼59세
2024-01-29,1.65424,김혜경,55∼59세
2024-02-05,6.10438,김혜경,55∼59세
2024-02-12,14.27461,김혜경,55∼59세
2024-02-19,6.3995,김혜경,55∼59세
2024-02-26,33.86144,김혜경,55∼59세
2024-03-04,12.62814,김혜경,55∼59세
2024-03-11,3.99968,김혜경,55∼59세
2024-03-18,3.05995,김혜경,55∼59세
2024-03-25,4.32587,김혜경,55∼59세
2024-04-01,3.29294,김혜경,55∼59세
2024-04-08,11.49425,김혜경,55∼59세
2024-04-15,3.11432,김혜경,55∼59세
2024-04-22,4.45013,김혜경,55∼59세
2024-04-29,5.59179,김혜경,55∼59세
2024-05-06,7.85181,김혜경,55∼59세
2024-05-13,1.98819,김혜경,55∼59세
2024-05-20,5.63839,김혜경,55∼59세
2024-05-27,3.02889,김혜경,55∼59세
2024-06-03,2.83473,김혜경,55∼59세
2023-06-05,25.75233,김건희,60세 이상
2023-06-12,21.39838,김건희,60세 이상
2023-06-19,44.40389,김건희,60세 이상
2023-06-26,22.19874,김건희,60세 이상
2023-07-03,48.49532,김건희,60세 이상
2023-07-10,100.0,김건희,60세 이상
2023-07-17,70.57881,김건희,60세 이상
2023-07-24,36.87411,김건희,60세 이상
2023-07-31,26.1237,김건희,60세 이상
2023-08-07,18.45306,김건희,60세 이상
2023-08-14,50.56345,김건희,60세 이상
2023-08-21,20.74529,김건희,60세 이상
2023-08-28,20.13702,김건희,60세 이상
2023-09-04,23.97233,김건희,60세 이상
2023-09-11,34.14649,김건희,60세 이상
2023-09-18,29.19067,김건희,60세 이상
2023-09-25,21.85299,김건희,60세 이상
2023-10-02,17.11486,김건희,60세 이상
2023-10-09,22.23716,김건희,60세 이상
2023-10-16,23.79946,김건희,60세 이상
2023-10-23,24.26687,김건희,60세 이상
2023-10-30,14.50889,김건희,60세 이상
2023-11-06,15.4117,김건희,60세 이상
2023-11-13,28.1406,김건희,60세 이상
2023-11-20,40.58778,김건희,60세 이상
2023-11-27,50.63388,김건희,60세 이상
2023-12-04,31.23959,김건희,60세 이상
2023-12-11,47.02266,김건희,60세 이상
2023-12-18,37.66807,김건희,60세 이상
2023-12-25,61.56998,김건희,60세 이상
2024-01-01,40.74785,김건희,60세 이상
2024-01-08,38.09066,김건희,60세 이상
2024-01-15,42.27814,김건희,60세 이상
2024-01-22,77.64758,김건희,60세 이상
2024-01-29,31.97592,김건희,60세 이상
2024-02-05,38.28275,김건희,60세 이상
2024-02-12,23.665,김건희,60세 이상
2024-02-19,22.08989,김건희,60세 이상
2024-02-26,25.0096,김건희,60세 이상
2024-03-04,16.83314,김건희,60세 이상
2024-03-11,14.35523,김건희,60세 이상
2024-03-18,15.1876,김건희,60세 이상
2024-03-25,15.48853,김건희,60세 이상
2024-04-01,17.56306,김건희,60세 이상
2024-04-08,43.96849,김건희,60세 이상
2024-04-15,31.31002,김건희,60세 이상
2024-04-22,26.15571,김건희,60세 이상
2024-04-29,26.37981,김건희,60세 이상
2024-05-06,42.4318,김건희,60세 이상
2024-05-13,58.042,김건희,60세 이상
2024-05-20,30.06146,김건희,60세 이상
2024-05-27,20.58522,김건희,60세 이상
2024-06-03,37.64886,김건희,60세 이상
2023-06-05,1.60071,김정숙,60세 이상
2023-06-12,2.00409,김정숙,60세 이상
2023-06-19,1.75438,김정숙,60세 이상
2023-06-26,3.73287,김정숙,60세 이상
2023-07-03,4.4756,김정숙,60세 이상
2023-07-10,3.89294,김정숙,60세 이상
2023-07-17,2.83647,김정숙,60세 이상
2023-07-24,1.94647,김정숙,60세 이상
2023-07-31,3.94416,김정숙,60세 이상
2023-08-07,1.88884,김정숙,60세 이상
2023-08-14,2.28582,김정숙,60세 이상
2023-08-21,1.68395,김정숙,60세 이상
2023-08-28,1.92726,김정숙,60세 이상
2023-09-04,2.06812,김정숙,60세 이상
2023-09-11,2.35625,김정숙,60세 이상
2023-09-18,2.67639,김정숙,60세 이상
2023-09-25,1.25496,김정숙,60세 이상
2023-10-02,0.92841,김정숙,60세 이상
2023-10-09,0.83877,김정숙,60세 이상
2023-10-16,0.88359,김정숙,60세 이상
2023-10-23,3.73927,김정숙,60세 이상
2023-10-30,1.15251,김정숙,60세 이상
2023-11-06,1.09489,김정숙,60세 이상
2023-11-13,1.40222,김정숙,60세 이상
2023-11-20,1.55589,김정숙,60세 이상
2023-11-27,1.5815,김정숙,60세 이상
2023-12-04,1.26776,김정숙,60세 이상
2023-12-11,1.77999,김정숙,60세 이상
2023-12-18,1.37661,김정숙,60세 이상
2023-12-25,6.98552,김정숙,60세 이상
2024-01-01,17.35817,김정숙,60세 이상
2024-01-08,8.56063,김정숙,60세 이상
2024-01-15,2.88769,김정숙,60세 이상
2024-01-22,4.67409,김정숙,60세 이상
2024-01-29,2.30503,김정숙,60세 이상
2024-02-05,2.18337,김정숙,60세 이상
2024-02-12,4.96862,김정숙,60세 이상
2024-02-19,1.94006,김정숙,60세 이상
2024-02-26,2.37546,김정숙,60세 이상
2024-03-04,2.52273,김정숙,60세 이상
2024-03-11,1.55589,김정숙,60세 이상
2024-03-18,1.01165,김정숙,60세 이상
2024-03-25,1.32539,김정숙,60세 이상
2024-04-01,4.32833,김정숙,60세 이상
2024-04-08,2.14496,김정숙,60세 이상
2024-04-15,1.92726,김정숙,60세 이상
2024-04-22,1.09489,김정숙,60세 이상
2024-04-29,1.15891,김정숙,60세 이상
2024-05-06,2.43309,김정숙,60세 이상
2024-05-13,5.75617,김정숙,60세 이상
2024-05-20,13.34357,김정숙,60세 이상
2024-05-27,7.95876,김정숙,60세 이상
2024-06-03,22.26277,김정숙,60세 이상
2023-06-05,0.91561,김혜경,60세 이상
2023-06-12,1.44064,김혜경,60세 이상
2023-06-19,2.76603,김혜경,60세 이상
2023-06-26,1.32539,김혜경,60세 이상
2023-07-03,0.86438,김혜경,60세 이상
2023-07-10,1.47265,김혜경,60세 이상
2023-07-17,1.51747,김혜경,60세 이상
2023-07-24,1.75438,김혜경,60세 이상
2023-07-31,5.29517,김혜경,60세 이상
2023-08-07,6.56294,김혜경,60세 이상
2023-08-14,3.74567,김혜경,60세 이상
2023-08-21,6.79984,김혜경,60세 이상
2023-08-28,2.43949,김혜경,60세 이상
2023-09-04,2.0297,김혜경,60세 이상
2023-09-11,2.9197,김혜경,60세 이상
2023-09-18,11.42912,김혜경,60세 이상
2023-09-25,3.8097,김혜경,60세 이상
2023-10-02,1.8056,김혜경,60세 이상
2023-10-09,3.02855,김혜경,60세 이상
2023-10-16,7.86272,김혜경,60세 이상
2023-10-23,2.60596,김혜경,60세 이상
2023-10-30,1.24855,김혜경,60세 이상
2023-11-06,2.62517,김혜경,60세 이상
2023-11-13,1.69676,김혜경,60세 이상
2023-11-20,1.36381,김혜경,60세 이상
2023-11-27,1.33819,김혜경,60세 이상
2023-12-04,5.1479,김혜경,60세 이상
2023-12-11,1.50467,김혜경,60세 이상
2023-12-18,2.6956,김혜경,60세 이상
2023-12-25,1.99129,김혜경,60세 이상
2024-01-01,4.66128,김혜경,60세 이상
2024-01-08,2.56755,김혜경,60세 이상
2024-01-15,2.99654,김혜경,60세 이상
2024-01-22,2.06812,김혜경,60세 이상
2024-01-29,2.9197,김혜경,60세 이상
2024-02-05,10.77602,김혜경,60세 이상
2024-02-12,19.98335,김혜경,60세 이상
2024-02-19,10.12293,김혜경,60세 이상
2024-02-26,51.15251,김혜경,60세 이상
2024-03-04,24.16442,김혜경,60세 이상
2024-03-11,6.4861,김혜경,60세 이상
2024-03-18,4.93661,김혜경,60세 이상
2024-03-25,5.01984,김혜경,60세 이상
2024-04-01,4.31553,김혜경,60세 이상
2024-04-08,12.40875,김혜경,60세 이상
2024-04-15,3.45114,김혜경,60세 이상
2024-04-22,5.79459,김혜경,60세 이상
2024-04-29,7.1456,김혜경,60세 이상
2024-05-06,10.00128,김혜경,60세 이상
2024-05-13,2.4587,김혜경,60세 이상
2024-05-20,7.1584,김혜경,60세 이상
2024-05-27,4.23229,김혜경,60세 이상
2024-06-03,3.43193,김혜경,60세 이상
